session_id,timestamp,interaction_number,student_input,input_length,input_type,student_skill_level,understanding_level,confidence_level,engagement_level,agent_response,response_length,routing_path,agents_used,response_type,primary_agent,cognitive_flags,cognitive_flags_count,confidence_score,sources_used,knowledge_integrated,sources_count,response_time,current_phase,phase_confidence,phase_characteristics,phase_progression_score,phase_duration,phase_scores,phase_recommendations,design_moves_count,design_moves,move_types,move_modalities,scientific_metrics,cognitive_state,context_classification,agent_data,performance_metrics
3c61a229-a4fe-427b-bdbf-1bf1630375b3,2025-08-06T17:44:09.597402,1,I am curious about adaptive reuse principles that I can apply to my project,14,general_statement,beginner,unknown,unknown,unknown,"Hello there! It's wonderful to see your interest in adaptive reuse principles! This area of architecture is both fascinating and crucial in today's world, as it creatively repurposes existing structures to meet new needs, making it a sustainable and innovative design strategy.

To start, we can explore three key dimensions that are often considered in adaptive reuse projects: the historical context of the building, its structural integrity, and the potential for new functionality. 

Understanding the story of the building can add richness to your design, while considering the structure's strengths and potential can guide your functional adaptations. 

That being said, I'm curious to know more about your project. Do you already have a specific building in mind? What kind of new function are you thinking of introducing?

This journey is going to be an exciting one, and I can't wait to see where your curiosity takes us! 

To help us explore this together, I'd love to hear your thoughts on: 
1. What is the primary purpose of your design? 
2. Who are the main users and what do they need? 
3. What do you think is the most important function this space needs to serve? 

**How we'll work together:** I'm here to guide you through a progressive learning journey. We'll start by understanding your interests and then explore the design space together, building your knowledge step by step. 
**Next steps:** • Share your thoughts on the questions above • Tell me more about what interests you most • Ask about any concepts you'd like to explore further 
I'm excited to explore this architectural journey with you! What would you like to start with?",273,unknown,[],unknown,none,[],0,0.5,[],False,0,,unknown,0.5,{},0.5,0,{},[],19,"[{'content': 'I am curious about adaptive reuse principles that I can apply to my project', 'timestamp': '2025-08-06T17:44:09.587772', 'micro_timestamp': 1754495049.587772, 'phase': 'unknown', 'move_type': 'general', 'modality': 'text', 'source': 'student', 'move_number': 1, 'cognitive_load': 0.062, 'context': {'sentence_position': 0, 'text_length': 75, 'has_question': False, 'word_count': 14, 'complexity_score': 0.4428571428571429}, 'previous_move': None, 'temporal_gap': 0.0, 'next_move': 1}, {'content': 'Hello there!', 'timestamp': '2025-08-06T17:44:09.687772', 'micro_timestamp': 1754495049.687772, 'phase': 'unknown', 'move_type': 'general', 'modality': 'text', 'source': 'agent', 'move_number': 1, 'cognitive_load': 0.011000000000000001, 'context': {'sentence_position': 0, 'text_length': 12, 'has_question': False, 'word_count': 2, 'complexity_score': 0.55}, 'previous_move': 1, 'temporal_gap': 0.10000014305114746, 'next_move': 2}, {'content': ""It's wonderful to see your interest in adaptive reuse principles!"", 'timestamp': '2025-08-06T17:44:09.787772', 'micro_timestamp': 1754495049.787772, 'phase': 'unknown', 'move_type': 'general', 'modality': 'text', 'source': 'agent', 'move_number': 2, 'cognitive_load': 0.055999999999999994, 'context': {'sentence_position': 1, 'text_length': 65, 'has_question': False, 'word_count': 10, 'complexity_score': 0.5599999999999999}, 'previous_move': 1, 'temporal_gap': 0.09999990463256836, 'next_move': 3}, {'content': ""This area of architecture is both fascinating and crucial in today's world, as it creatively repurposes existing structures to meet new needs, making it a sustainable and innovative design strategy."", 'timestamp': '2025-08-06T17:44:09.887772', 'micro_timestamp': 1754495049.887772, 'phase': 'unknown', 'move_type': 'general', 'modality': 'text', 'source': 'agent', 'move_number': 3, 'cognitive_load': 0.229, 'context': {'sentence_position': 2, 'text_length': 198, 'has_question': False, 'word_count': 30, 'complexity_score': 0.7633333333333334}, 'previous_move': 2, 'temporal_gap': 0.10000014305114746, 'next_move': 4}, {'content': 'To start, we can explore three key dimensions that are often considered in adaptive reuse projects: the historical context of the building, its structural integrity, and the potential for new functionality.', 'timestamp': '2025-08-06T17:44:09.987772', 'micro_timestamp': 1754495049.987772, 'phase': 'unknown', 'move_type': 'analysis', 'modality': 'text', 'source': 'agent', 'move_number': 4, 'cognitive_load': 0.341, 'context': {'sentence_position': 3, 'text_length': 206, 'has_question': False, 'word_count': 31, 'complexity_score': 1.0}, 'previous_move': 3, 'temporal_gap': 0.09999990463256836, 'next_move': 5}, {'content': ""Understanding the story of the building can add richness to your design, while considering the structure's strengths and potential can guide your functional adaptations."", 'timestamp': '2025-08-06T17:44:10.087772', 'micro_timestamp': 1754495050.087772, 'phase': 'unknown', 'move_type': 'analysis', 'modality': 'text', 'source': 'agent', 'move_number': 5, 'cognitive_load': 0.18700000000000003, 'context': {'sentence_position': 4, 'text_length': 169, 'has_question': False, 'word_count': 24, 'complexity_score': 0.7083333333333333}, 'previous_move': 4, 'temporal_gap': 0.09999990463256836, 'next_move': 6}, {'content': ""That being said, I'm curious to know more about your project."", 'timestamp': '2025-08-06T17:44:10.187772', 'micro_timestamp': 1754495050.187772, 'phase': 'unknown', 'move_type': 'general', 'modality': 'text', 'source': 'agent', 'move_number': 6, 'cognitive_load': 0.06200000000000001, 'context': {'sentence_position': 5, 'text_length': 61, 'has_question': False, 'word_count': 11, 'complexity_score': 0.5636363636363637}, 'previous_move': 5, 'temporal_gap': 0.10000014305114746, 'next_move': 7}, {'content': 'Do you already have a specific building in mind?', 'timestamp': '2025-08-06T17:44:10.287772', 'micro_timestamp': 1754495050.287772, 'phase': 'unknown', 'move_type': 'general', 'modality': 'text', 'source': 'agent', 'move_number': 7, 'cognitive_load': 0.04, 'context': {'sentence_position': 6, 'text_length': 48, 'has_question': True, 'word_count': 9, 'complexity_score': 0.4444444444444445}, 'previous_move': 6, 'temporal_gap': 0.09999990463256836, 'next_move': 8}, {'content': 'What kind of new function are you thinking of introducing?', 'timestamp': '2025-08-06T17:44:10.387772', 'micro_timestamp': 1754495050.387772, 'phase': 'unknown', 'move_type': 'general', 'modality': 'text', 'source': 'agent', 'move_number': 8, 'cognitive_load': 0.049, 'context': {'sentence_position': 7, 'text_length': 58, 'has_question': True, 'word_count': 10, 'complexity_score': 0.49000000000000005}, 'previous_move': 7, 'temporal_gap': 0.10000014305114746, 'next_move': 9}, {'content': ""This journey is going to be an exciting one, and I can't wait to see where your curiosity takes us!"", 'timestamp': '2025-08-06T17:44:10.487772', 'micro_timestamp': 1754495050.487772, 'phase': 'unknown', 'move_type': 'general', 'modality': 'text', 'source': 'agent', 'move_number': 9, 'cognitive_load': 0.1, 'context': {'sentence_position': 8, 'text_length': 99, 'has_question': False, 'word_count': 20, 'complexity_score': 0.5}, 'previous_move': 8, 'temporal_gap': 0.09999990463256836, 'next_move': 10}, {'content': ""To help us explore this together, I'd love to hear your thoughts on:"", 'timestamp': '2025-08-06T17:44:10.587772', 'micro_timestamp': 1754495050.587772, 'phase': 'unknown', 'move_type': 'general', 'modality': 'text', 'source': 'agent', 'move_number': 10, 'cognitive_load': 0.095, 'context': {'sentence_position': 9, 'text_length': 68, 'has_question': False, 'word_count': 13, 'complexity_score': 0.7307692307692308}, 'previous_move': 9, 'temporal_gap': 0.09999990463256836, 'next_move': 11}, {'content': 'What is the primary purpose of your design?', 'timestamp': '2025-08-06T17:44:10.787772', 'micro_timestamp': 1754495050.787772, 'phase': 'unknown', 'move_type': 'general', 'modality': 'text', 'source': 'agent', 'move_number': 11, 'cognitive_load': 0.036000000000000004, 'context': {'sentence_position': 11, 'text_length': 43, 'has_question': True, 'word_count': 8, 'complexity_score': 0.45}, 'previous_move': 10, 'temporal_gap': 0.20000004768371582, 'next_move': 12}, {'content': 'Who are the main users and what do they need?', 'timestamp': '2025-08-06T17:44:10.987772', 'micro_timestamp': 1754495050.987772, 'phase': 'unknown', 'move_type': 'general', 'modality': 'text', 'source': 'agent', 'move_number': 12, 'cognitive_load': 0.036, 'context': {'sentence_position': 13, 'text_length': 45, 'has_question': True, 'word_count': 10, 'complexity_score': 0.36}, 'previous_move': 11, 'temporal_gap': 0.20000004768371582, 'next_move': 13}, {'content': 'What do you think is the most important function this space needs to serve?', 'timestamp': '2025-08-06T17:44:11.187772', 'micro_timestamp': 1754495051.187772, 'phase': 'unknown', 'move_type': 'general', 'modality': 'text', 'source': 'agent', 'move_number': 13, 'cognitive_load': 0.062, 'context': {'sentence_position': 15, 'text_length': 75, 'has_question': True, 'word_count': 14, 'complexity_score': 0.4428571428571429}, 'previous_move': 12, 'temporal_gap': 0.20000004768371582, 'next_move': 14}, {'content': ""**How we'll work together:** I'm here to guide you through a progressive learning journey."", 'timestamp': '2025-08-06T17:44:11.287772', 'micro_timestamp': 1754495051.287772, 'phase': 'unknown', 'move_type': 'analysis', 'modality': 'text', 'source': 'agent', 'move_number': 14, 'cognitive_load': 0.1155, 'context': {'sentence_position': 16, 'text_length': 90, 'has_question': False, 'word_count': 14, 'complexity_score': 0.75}, 'previous_move': 13, 'temporal_gap': 0.09999990463256836, 'next_move': 15}, {'content': ""We'll start by understanding your interests and then explore the design space together, building your knowledge step by step."", 'timestamp': '2025-08-06T17:44:11.387772', 'micro_timestamp': 1754495051.387772, 'phase': 'unknown', 'move_type': 'general', 'modality': 'text', 'source': 'agent', 'move_number': 15, 'cognitive_load': 0.126, 'context': {'sentence_position': 17, 'text_length': 125, 'has_question': False, 'word_count': 19, 'complexity_score': 0.6631578947368421}, 'previous_move': 14, 'temporal_gap': 0.10000014305114746, 'next_move': 16}, {'content': ""**Next steps:** • Share your thoughts on the questions above • Tell me more about what interests you most • Ask about any concepts you'd like to explore further"", 'timestamp': '2025-08-06T17:44:11.487772', 'micro_timestamp': 1754495051.487772, 'phase': 'unknown', 'move_type': 'general', 'modality': 'text', 'source': 'agent', 'move_number': 16, 'cognitive_load': 0.19, 'context': {'sentence_position': 18, 'text_length': 160, 'has_question': False, 'word_count': 29, 'complexity_score': 0.6551724137931034}, 'previous_move': 15, 'temporal_gap': 0.09999990463256836, 'next_move': 17}, {'content': ""I'm excited to explore this architectural journey with you!"", 'timestamp': '2025-08-06T17:44:11.587772', 'micro_timestamp': 1754495051.587772, 'phase': 'unknown', 'move_type': 'general', 'modality': 'text', 'source': 'agent', 'move_number': 17, 'cognitive_load': 0.051, 'context': {'sentence_position': 19, 'text_length': 59, 'has_question': False, 'word_count': 9, 'complexity_score': 0.5666666666666667}, 'previous_move': 16, 'temporal_gap': 0.09999990463256836, 'next_move': 18}, {'content': 'What would you like to start with?', 'timestamp': '2025-08-06T17:44:11.687772', 'micro_timestamp': 1754495051.687772, 'phase': 'unknown', 'move_type': 'general', 'modality': 'text', 'source': 'agent', 'move_number': 18, 'cognitive_load': 0.028000000000000004, 'context': {'sentence_position': 20, 'text_length': 34, 'has_question': True, 'word_count': 7, 'complexity_score': 0.4}, 'previous_move': 17, 'temporal_gap': 0.10000014305114746, 'next_move': None}]","['general', 'general', 'general', 'general', 'analysis', 'analysis', 'general', 'general', 'general', 'general', 'general', 'general', 'general', 'general', 'analysis', 'general', 'general', 'general', 'general']","['text', 'text', 'text', 'text', 'text', 'text', 'text', 'text', 'text', 'text', 'text', 'text', 'text', 'text', 'text', 'text', 'text', 'text', 'text']","{'engagement_metrics': {}, 'complexity_metrics': {}, 'reflection_metrics': {}, 'progression_metrics': {}, 'improvement_metrics': {}, 'phase_metrics': {}, 'overall_cognitive_score': 0.0, 'scientific_confidence': 0.0}","{'engagement_level': 'unknown', 'cognitive_load': 'unknown', 'metacognitive_awareness': 'unknown', 'passivity_level': 'unknown', 'overconfidence_level': 'unknown', 'conversation_depth': 'unknown', 'learning_progression': 'unknown'}",{},"{'analysis_result': {}, 'domain_expert_result': {}, 'socratic_result': {}, 'cognitive_enhancement_result': {}}","{'cognitive_offloading_prevention': True, 'deep_thinking_encouragement': True, 'scaffolding_effectiveness': False, 'engagement_maintenance': True, 'skill_adaptation': False, 'response_complexity': 1.0, 'agent_selection_appropriateness': True, 'response_coherence': True}"
3c61a229-a4fe-427b-bdbf-1bf1630375b3,2025-08-06T17:44:54.548888,2,"It’s going to be the neighborhood’s main gathering spot — a place where people can meet, take classes, attend cultural events, play sports, and access community services all under one roof. We’ve got a really mixed crowd — families, seniors, teenagers, new immigrants, and local creatives. They’ll need flexible spaces for meetings, classes, performances, sports, and just casual hanging out. Some will need quiet study areas, others will want open social spaces. It should be the beating heart of the neighborhood — a safe, welcoming space that brings people together and reflects the area’s cultural diversity. I like that it keeps the character of the old building, cuts down on waste, and usually has a lot more personality than starting from scratch. Plus, it’s a challenge — figuring out how to work with what’s there while making it functional and inviting for modern use.
",144,general_statement,beginner,unknown,unknown,unknown,"When designing a community center in a former industrial warehouse, the concept of adaptive reuse offers a fascinating array of possibilities and challenges. Consider the existing structure: its robust framework and industrial aesthetic can be both a canvas and a constraint. How might you celebrate the building's history while adapting it for modern needs?

Think about the spatial dynamics. The warehouse's open plan provides flexibility, but how will you delineate spaces for different activities without losing that sense of openness? Movable partitions could offer adaptability, yet they might not provide the acoustic privacy needed for quiet study areas. How might you balance these needs?

Reflect on the cultural diversity of the neighborhood. How can the design reflect and celebrate this diversity? Incorporating elements from various cultures might create a sense of belonging, but it also requires sensitivity to avoid cultural appropriation. What strategies could you employ to engage the community in this process?

Sustainability is another key consideration. Retaining the existing structure minimizes waste, but how will you ensure energy efficiency in a

Looking at the example of using movable partitions in the warehouse's open plan, what underlying principles about spatial flexibility and acoustic privacy do you see that could inform your approach to creating adaptable yet functional spaces in your community center design?",214,balanced_guidance,"['socratic_tutor', 'domain_expert', 'analysis_agent', 'cognitive_enhancement']",multi_agent_synthesis,socratic_tutor,[],0,0.5,[],False,0,,unknown,0.5,{},0.5,0,{},[],21,"[{'content': 'It’s going to be the neighborhood’s main gathering spot — a place where people can meet, take classes, attend cultural events, play sports, and access community services all under one roof.', 'timestamp': '2025-08-06T17:44:54.545312', 'micro_timestamp': 1754495094.545312, 'phase': 'unknown', 'move_type': 'general', 'modality': 'text', 'source': 'student', 'move_number': 1, 'cognitive_load': 0.28300000000000003, 'context': {'sentence_position': 0, 'text_length': 189, 'has_question': False, 'word_count': 31, 'complexity_score': 0.9129032258064517}, 'previous_move': None, 'temporal_gap': 0.0, 'next_move': 2}, {'content': 'We’ve got a really mixed crowd — families, seniors, teenagers, new immigrants, and local creatives.', 'timestamp': '2025-08-06T17:44:54.645312', 'micro_timestamp': 1754495094.645312, 'phase': 'unknown', 'move_type': 'general', 'modality': 'text', 'source': 'student', 'move_number': 2, 'cognitive_load': 0.145, 'context': {'sentence_position': 1, 'text_length': 99, 'has_question': False, 'word_count': 15, 'complexity_score': 0.9666666666666667}, 'previous_move': 1, 'temporal_gap': 0.10000014305114746, 'next_move': 3}, {'content': 'They’ll need flexible spaces for meetings, classes, performances, sports, and just casual hanging out.', 'timestamp': '2025-08-06T17:44:54.745312', 'micro_timestamp': 1754495094.745312, 'phase': 'unknown', 'move_type': 'general', 'modality': 'text', 'source': 'student', 'move_number': 3, 'cognitive_load': 0.14, 'context': {'sentence_position': 2, 'text_length': 102, 'has_question': False, 'word_count': 14, 'complexity_score': 1.0}, 'previous_move': 2, 'temporal_gap': 0.09999990463256836, 'next_move': 4}, {'content': 'Some will need quiet study areas, others will want open social spaces.', 'timestamp': '2025-08-06T17:44:54.845312', 'micro_timestamp': 1754495094.845312, 'phase': 'unknown', 'move_type': 'general', 'modality': 'text', 'source': 'student', 'move_number': 4, 'cognitive_load': 0.071, 'context': {'sentence_position': 3, 'text_length': 70, 'has_question': False, 'word_count': 12, 'complexity_score': 0.5916666666666667}, 'previous_move': 3, 'temporal_gap': 0.10000014305114746, 'next_move': 5}, {'content': 'It should be the beating heart of the neighborhood — a safe, welcoming space that brings people together and reflects the area’s cultural diversity.', 'timestamp': '2025-08-06T17:44:54.945312', 'micro_timestamp': 1754495094.945312, 'phase': 'unknown', 'move_type': 'general', 'modality': 'text', 'source': 'student', 'move_number': 5, 'cognitive_load': 0.149, 'context': {'sentence_position': 4, 'text_length': 148, 'has_question': False, 'word_count': 24, 'complexity_score': 0.6208333333333332}, 'previous_move': 4, 'temporal_gap': 0.09999990463256836, 'next_move': 6}, {'content': 'I like that it keeps the character of the old building, cuts down on waste, and usually has a lot more personality than starting from scratch.', 'timestamp': '2025-08-06T17:44:55.045312', 'micro_timestamp': 1754495095.045312, 'phase': 'unknown', 'move_type': 'general', 'modality': 'text', 'source': 'student', 'move_number': 6, 'cognitive_load': 0.169, 'context': {'sentence_position': 5, 'text_length': 142, 'has_question': False, 'word_count': 26, 'complexity_score': 0.65}, 'previous_move': 5, 'temporal_gap': 0.09999990463256836, 'next_move': 7}, {'content': 'Plus, it’s a challenge — figuring out how to work with what’s there while making it functional and inviting for modern use.', 'timestamp': '2025-08-06T17:44:55.145312', 'micro_timestamp': 1754495095.145312, 'phase': 'unknown', 'move_type': 'analysis', 'modality': 'text', 'source': 'student', 'move_number': 7, 'cognitive_load': 0.13640000000000005, 'context': {'sentence_position': 6, 'text_length': 123, 'has_question': False, 'word_count': 22, 'complexity_score': 0.5636363636363637}, 'previous_move': 6, 'temporal_gap': 0.10000014305114746, 'next_move': 1}, {'content': 'When designing a community center in a former industrial warehouse, the concept of adaptive reuse offers a fascinating array of possibilities and challenges.', 'timestamp': '2025-08-06T17:44:55.245312', 'micro_timestamp': 1754495095.245312, 'phase': 'unknown', 'move_type': 'general', 'modality': 'text', 'source': 'agent', 'move_number': 1, 'cognitive_load': 0.158, 'context': {'sentence_position': 0, 'text_length': 157, 'has_question': False, 'word_count': 23, 'complexity_score': 0.6869565217391305}, 'previous_move': 7, 'temporal_gap': 0.09999990463256836, 'next_move': 2}, {'content': 'Consider the existing structure: its robust framework and industrial aesthetic can be both a canvas and a constraint.', 'timestamp': '2025-08-06T17:44:55.345312', 'micro_timestamp': 1754495095.345312, 'phase': 'unknown', 'move_type': 'analysis', 'modality': 'text', 'source': 'agent', 'move_number': 2, 'cognitive_load': 0.1496, 'context': {'sentence_position': 1, 'text_length': 117, 'has_question': False, 'word_count': 18, 'complexity_score': 0.7555555555555555}, 'previous_move': 1, 'temporal_gap': 0.10000014305114746, 'next_move': 3}, {'content': ""How might you celebrate the building's history while adapting it for modern needs?"", 'timestamp': '2025-08-06T17:44:55.445312', 'micro_timestamp': 1754495095.445312, 'phase': 'unknown', 'move_type': 'analysis', 'modality': 'text', 'source': 'agent', 'move_number': 3, 'cognitive_load': 0.07700000000000001, 'context': {'sentence_position': 2, 'text_length': 82, 'has_question': True, 'word_count': 13, 'complexity_score': 0.5384615384615385}, 'previous_move': 2, 'temporal_gap': 0.09999990463256836, 'next_move': 4}, {'content': 'Think about the spatial dynamics.', 'timestamp': '2025-08-06T17:44:55.545312', 'micro_timestamp': 1754495095.545312, 'phase': 'unknown', 'move_type': 'general', 'modality': 'text', 'source': 'agent', 'move_number': 4, 'cognitive_load': 0.028999999999999998, 'context': {'sentence_position': 3, 'text_length': 33, 'has_question': False, 'word_count': 5, 'complexity_score': 0.58}, 'previous_move': 3, 'temporal_gap': 0.09999990463256836, 'next_move': 5}, {'content': ""The warehouse's open plan provides flexibility, but how will you delineate spaces for different activities without losing that sense of openness?"", 'timestamp': '2025-08-06T17:44:55.645312', 'micro_timestamp': 1754495095.645312, 'phase': 'unknown', 'move_type': 'analysis', 'modality': 'text', 'source': 'agent', 'move_number': 5, 'cognitive_load': 0.1606, 'context': {'sentence_position': 4, 'text_length': 145, 'has_question': True, 'word_count': 21, 'complexity_score': 0.6952380952380952}, 'previous_move': 4, 'temporal_gap': 0.10000014305114746, 'next_move': 6}, {'content': 'Movable partitions could offer adaptability, yet they might not provide the acoustic privacy needed for quiet study areas.', 'timestamp': '2025-08-06T17:44:55.745312', 'micro_timestamp': 1754495095.745312, 'phase': 'unknown', 'move_type': 'general', 'modality': 'text', 'source': 'agent', 'move_number': 6, 'cognitive_load': 0.12299999999999998, 'context': {'sentence_position': 5, 'text_length': 122, 'has_question': False, 'word_count': 18, 'complexity_score': 0.6833333333333332}, 'previous_move': 5, 'temporal_gap': 0.09999990463256836, 'next_move': 7}, {'content': 'How might you balance these needs?', 'timestamp': '2025-08-06T17:44:55.845312', 'micro_timestamp': 1754495095.845312, 'phase': 'unknown', 'move_type': 'analysis', 'modality': 'text', 'source': 'agent', 'move_number': 7, 'cognitive_load': 0.0319, 'context': {'sentence_position': 6, 'text_length': 34, 'has_question': True, 'word_count': 6, 'complexity_score': 0.4833333333333333}, 'previous_move': 6, 'temporal_gap': 0.10000014305114746, 'next_move': 8}, {'content': 'Reflect on the cultural diversity of the neighborhood.', 'timestamp': '2025-08-06T17:44:55.945312', 'micro_timestamp': 1754495095.945312, 'phase': 'unknown', 'move_type': 'general', 'modality': 'text', 'source': 'agent', 'move_number': 8, 'cognitive_load': 0.047, 'context': {'sentence_position': 7, 'text_length': 54, 'has_question': False, 'word_count': 8, 'complexity_score': 0.5875}, 'previous_move': 7, 'temporal_gap': 0.09999990463256836, 'next_move': 9}, {'content': 'How can the design reflect and celebrate this diversity?', 'timestamp': '2025-08-06T17:44:56.045312', 'micro_timestamp': 1754495096.045312, 'phase': 'unknown', 'move_type': 'analysis', 'modality': 'text', 'source': 'agent', 'move_number': 9, 'cognitive_load': 0.05280000000000001, 'context': {'sentence_position': 8, 'text_length': 56, 'has_question': True, 'word_count': 9, 'complexity_score': 0.5333333333333333}, 'previous_move': 8, 'temporal_gap': 0.09999990463256836, 'next_move': 10}, {'content': 'Incorporating elements from various cultures might create a sense of belonging, but it also requires sensitivity to avoid cultural appropriation.', 'timestamp': '2025-08-06T17:44:56.145312', 'micro_timestamp': 1754495096.145312, 'phase': 'unknown', 'move_type': 'general', 'modality': 'text', 'source': 'agent', 'move_number': 10, 'cognitive_load': 0.146, 'context': {'sentence_position': 9, 'text_length': 145, 'has_question': False, 'word_count': 20, 'complexity_score': 0.73}, 'previous_move': 9, 'temporal_gap': 0.10000014305114746, 'next_move': 11}, {'content': 'What strategies could you employ to engage the community in this process?', 'timestamp': '2025-08-06T17:44:56.245312', 'micro_timestamp': 1754495096.245312, 'phase': 'unknown', 'move_type': 'general', 'modality': 'text', 'source': 'agent', 'move_number': 11, 'cognitive_load': 0.06200000000000001, 'context': {'sentence_position': 10, 'text_length': 73, 'has_question': True, 'word_count': 12, 'complexity_score': 0.5166666666666667}, 'previous_move': 10, 'temporal_gap': 0.09999990463256836, 'next_move': 12}, {'content': 'Sustainability is another key consideration.', 'timestamp': '2025-08-06T17:44:56.345312', 'micro_timestamp': 1754495096.345312, 'phase': 'unknown', 'move_type': 'analysis', 'modality': 'text', 'source': 'agent', 'move_number': 12, 'cognitive_load': 0.044000000000000004, 'context': {'sentence_position': 11, 'text_length': 44, 'has_question': False, 'word_count': 5, 'complexity_score': 0.8}, 'previous_move': 11, 'temporal_gap': 0.10000014305114746, 'next_move': 13}, {'content': 'Retaining the existing structure minimizes waste, but how will you ensure energy efficiency in a', 'timestamp': '2025-08-06T17:44:56.445312', 'micro_timestamp': 1754495096.445312, 'phase': 'unknown', 'move_type': 'analysis', 'modality': 'text', 'source': 'agent', 'move_number': 13, 'cognitive_load': 0.1067, 'context': {'sentence_position': 12, 'text_length': 96, 'has_question': False, 'word_count': 15, 'complexity_score': 0.6466666666666666}, 'previous_move': 12, 'temporal_gap': 0.09999990463256836, 'next_move': 14}, {'content': ""Looking at the example of using movable partitions in the warehouse's open plan, what underlying principles about spatial flexibility and acoustic privacy do you see that could inform your approach to creating adaptable yet functional spaces in your community center design?"", 'timestamp': '2025-08-06T17:44:56.545312', 'micro_timestamp': 1754495096.545312, 'phase': 'unknown', 'move_type': 'general', 'modality': 'text', 'source': 'agent', 'move_number': 14, 'cognitive_load': 0.27499999999999997, 'context': {'sentence_position': 13, 'text_length': 274, 'has_question': True, 'word_count': 41, 'complexity_score': 0.6707317073170731}, 'previous_move': 13, 'temporal_gap': 0.09999990463256836, 'next_move': None}]","['general', 'general', 'general', 'general', 'general', 'general', 'analysis', 'general', 'analysis', 'analysis', 'general', 'analysis', 'general', 'analysis', 'general', 'analysis', 'general', 'general', 'analysis', 'analysis', 'general']","['text', 'text', 'text', 'text', 'text', 'text', 'text', 'text', 'text', 'text', 'text', 'text', 'text', 'text', 'text', 'text', 'text', 'text', 'text', 'text', 'text']","{'engagement_metrics': {}, 'complexity_metrics': {}, 'reflection_metrics': {}, 'progression_metrics': {}, 'improvement_metrics': {}, 'phase_metrics': {}, 'overall_cognitive_score': 0.0, 'scientific_confidence': 0.0}","{'engagement_level': 'unknown', 'cognitive_load': 'unknown', 'metacognitive_awareness': 'unknown', 'passivity_level': 'unknown', 'overconfidence_level': 'unknown', 'conversation_depth': 'unknown', 'learning_progression': 'unknown'}",{},"{'analysis_result': {'response_text': ""Analysis indicates you're in the ideation phase (confidence: 0.0%) | Your current skill level appears to be beginner | Key areas for focus: accessibility_awareness, spatial_relationships, brief_development, basic_concept_understanding | Learning opportunities: Explore universal design principles"", 'response_type': 'analysis', 'cognitive_flags': ['scaffolding_provided', 'scaffolding_provided', 'deep_thinking_encouraged'], 'enhancement_metrics': {'cognitive_offloading_prevention_score': 0.8, 'deep_thinking_engagement_score': 0.44999999999999996, 'knowledge_integration_score': 0.3, 'scaffolding_effectiveness_score': 0.6000000000000001, 'learning_progression_score': 0.47500000000000003, 'metacognitive_awareness_score': 0.0, 'overall_cognitive_score': 0.43750000000000006, 'scientific_confidence': 0.25}, 'progress_update': {'phase_progress': {}, 'milestone_progress': {}, 'cognitive_state': {}, 'learning_progression': {}, 'skill_level_update': None, 'engagement_level_update': None}, 'journey_alignment': {'current_phase': 'ideation', 'phase_progress': 0.0, 'milestone_progress': {}, 'next_milestone': None, 'journey_progress': 0.0, 'phase_confidence': 0.5, 'milestone_questions_asked': []}, 'metadata': {'original_analysis_result': {'agent': 'analysis_agent', 'domain': 'architecture', 'visual_analysis': {}, 'text_analysis': {'building_type': 'community center', 'program_requirements': ['meeting rooms', 'kitchen', 'flexible space', 'accessibility', 'parking'], 'design_considerations': ['public access', 'multiple user groups', 'community engagement'], 'numbers_mentioned': ['15', '000', '150', '80', '12'], 'constraints': [], 'word_count': 39, 'complexity': 'detailed', 'detail_level': 'basic_details'}, 'synthesis': {'alignment_assessment': {}, 'missing_considerations': [], 'cognitive_challenges': ['accessibility_awareness', 'spatial_relationships', 'brief_development', 'basic_concept_understanding'], 'learning_opportunities': ['Explore universal design principles', 'Consider how spaces connect and flow', 'Develop more detailed program requirements'], 'next_focus_areas': ['socratic_questioning']}, 'confidence_score': 0.5, 'key_insights': [], 'cognitive_flags': ['needs_sustainability_guidance', 'needs_programming_guidance', 'needs_design_strategy_guidance'], 'phase_analysis': {'phase': 'ideation', 'confidence': 0.0, 'phase_scores': {'ideation': 0.06076923076923077, 'visualization': 0.045384615384615384, 'materialization': 0.06076923076923077}, 'indicators': {'conversation': {'ideation': 0.07692307692307693, 'visualization': 0.038461538461538464, 'materialization': 0.07692307692307693, 'confidence': 0.15384615384615385, 'total_indicators': {'ideation': 26, 'visualization': 52, 'materialization': 26}, 'text_analysis': {'message_count': 3, 'avg_message_length': np.float64(69.33333333333333), 'indicator_density': 0.06410256410256411}}, 'visual': {'ideation': 0, 'visualization': 0, 'materialization': 0, 'confidence': 0}, 'design': {'ideation': 0.0, 'visualization': 0.0, 'materialization': 0.0, 'confidence': 0.3, 'progression_analysis': {'conversation_length': 3, 'early_focus': 0.0, 'recent_focus': 0.0}}, 'temporal': {'ideation': 0.3, 'visualization': 0.3, 'materialization': 0.3, 'confidence': 0.2}}, 'confidence_metrics': {'overall_confidence': 0.0, 'weighted_confidence': 0.12153846153846154, 'score_separation': 0.0, 'conversation_confidence': 0.15384615384615385, 'visual_confidence': 0, 'design_confidence': 0.3}, 'progression_score': 0.15000000000000002, 'phase_duration': 6, 'phase_characteristics': {'focus': 'Conceptual exploration and problem framing', 'key_activities': ['Site analysis', 'Program development', 'Concept exploration', 'Precedent study'], 'cognitive_demands': 'High-level thinking, synthesis, creativity', 'typical_duration': '1-3 days', 'success_indicators': ['Clear concept statement', 'Program definition', 'Site understanding']}, 'recommendations': ['Phase detection confidence is low - consider explicit phase clarification', 'Focus on concept development and program definition', 'Explore precedents and site analysis', 'Develop clear design philosophy and approach']}, 'skill_assessment': {'detected_level': 'beginner', 'previous_level': 'beginner', 'updated': False, 'confidence': 0.8}}, 'phase_analysis': {'phase': 'ideation', 'confidence': 0.0, 'phase_scores': {'ideation': 0.06076923076923077, 'visualization': 0.045384615384615384, 'materialization': 0.06076923076923077}, 'indicators': {'conversation': {'ideation': 0.07692307692307693, 'visualization': 0.038461538461538464, 'materialization': 0.07692307692307693, 'confidence': 0.15384615384615385, 'total_indicators': {'ideation': 26, 'visualization': 52, 'materialization': 26}, 'text_analysis': {'message_count': 3, 'avg_message_length': np.float64(69.33333333333333), 'indicator_density': 0.06410256410256411}}, 'visual': {'ideation': 0, 'visualization': 0, 'materialization': 0, 'confidence': 0}, 'design': {'ideation': 0.0, 'visualization': 0.0, 'materialization': 0.0, 'confidence': 0.3, 'progression_analysis': {'conversation_length': 3, 'early_focus': 0.0, 'recent_focus': 0.0}}, 'temporal': {'ideation': 0.3, 'visualization': 0.3, 'materialization': 0.3, 'confidence': 0.2}}, 'confidence_metrics': {'overall_confidence': 0.0, 'weighted_confidence': 0.12153846153846154, 'score_separation': 0.0, 'conversation_confidence': 0.15384615384615385, 'visual_confidence': 0, 'design_confidence': 0.3}, 'progression_score': 0.15000000000000002, 'phase_duration': 6, 'phase_characteristics': {'focus': 'Conceptual exploration and problem framing', 'key_activities': ['Site analysis', 'Program development', 'Concept exploration', 'Precedent study'], 'cognitive_demands': 'High-level thinking, synthesis, creativity', 'typical_duration': '1-3 days', 'success_indicators': ['Clear concept statement', 'Program definition', 'Site understanding']}, 'recommendations': ['Phase detection confidence is low - consider explicit phase clarification', 'Focus on concept development and program definition', 'Explore precedents and site analysis', 'Develop clear design philosophy and approach']}, 'skill_assessment': {'detected_level': 'beginner', 'previous_level': 'beginner', 'updated': False, 'confidence': 0.8}, 'visual_analysis': {}, 'text_analysis': {'building_type': 'community center', 'program_requirements': ['meeting rooms', 'kitchen', 'flexible space', 'accessibility', 'parking'], 'design_considerations': ['public access', 'multiple user groups', 'community engagement'], 'numbers_mentioned': ['15', '000', '150', '80', '12'], 'constraints': [], 'word_count': 39, 'complexity': 'detailed', 'detail_level': 'basic_details'}, 'synthesis': {'alignment_assessment': {}, 'missing_considerations': [], 'cognitive_challenges': ['accessibility_awareness', 'spatial_relationships', 'brief_development', 'basic_concept_understanding'], 'learning_opportunities': ['Explore universal design principles', 'Consider how spaces connect and flow', 'Develop more detailed program requirements'], 'next_focus_areas': ['socratic_questioning']}, 'cognitive_flags': ['needs_sustainability_guidance', 'needs_programming_guidance', 'needs_design_strategy_guidance'], 'knowledge_enhanced': {}, 'context_package': {}}, 'quality_score': 0.5, 'confidence_score': 0.0, 'agent_name': 'analysis_agent', 'processing_time': 0.0, 'sources_used': [], 'error_message': None, 'fallback_used': False, 'visual_context': {'has_visual': False}}, 'domain_expert_result': {}, 'socratic_result': {}, 'cognitive_enhancement_result': {}}","{'cognitive_offloading_prevention': True, 'deep_thinking_encouragement': True, 'scaffolding_effectiveness': False, 'engagement_maintenance': True, 'skill_adaptation': False, 'response_complexity': 1.0, 'agent_selection_appropriateness': True, 'response_coherence': True}"
