session_id,timestamp,interaction_number,student_input,input_length,input_type,student_skill_level,understanding_level,confidence_level,engagement_level,agent_response,response_length,routing_path,agents_used,response_type,primary_agent,cognitive_flags,cognitive_flags_count,confidence_score,sources_used,knowledge_integrated,sources_count,response_time,prevents_cognitive_offloading,encourages_deep_thinking,provides_scaffolding,maintains_engagement,adapts_to_skill_level,multi_agent_coordination,appropriate_agent_selection,response_coherence,metadata
c61b7d2f-6e9d-4d9d-8244-b8d0f363a70b,2025-07-25T13:52:16.304408,1,Can you review my spatial organization?,6,feedback_request,intermediate,medium,confident,medium,"To optimize the spatial organization of your Serpentine Pavilion for Summer 2026, focus on flexibility and user experience. Design adaptable spaces that can host various events, ensuring seamless functionality and flow. Prioritize accessibility by incorporating wide pathways and clear signage. Enhance natural lighting through strategic placement of openings and translucent materials to create a welcoming atmosphere. Foster community engagement by designing interactive areas that encourage social interaction. Ensure good circulation by maintaining clear visual connections between different sections of the pavilion. These principles will help create a dynamic and inviting space that meets diverse needs while maintaining a cohesive design.

**Sources:**
• [Architectural Guidelines: Spatial Organization](https://www.dezeen.com/architecture/)

How might you approach the spatial organization and flow to enhance visitor experience in your 2026 serpentine pavilion design?",125,multi_agent,"['domain_expert', 'socratic_tutor', 'cognitive_enhancement']",multi_agent_full,domain_expert,[],0,0.5,['https://www.dezeen.com/architecture/'],True,1,0,True,True,False,False,False,True,True,True,"{'response_type': 'multi_agent_full', 'routing_path': 'multi_agent', 'agents_used': ['domain_expert', 'socratic_tutor', 'cognitive_enhancement'], 'sources': ['https://www.dezeen.com/architecture/'], 'synthesis_method': 'document_compliant'}"
c61b7d2f-6e9d-4d9d-8244-b8d0f363a70b,2025-07-25T13:53:25.410065,2,"ease of access  and open plan, it is important that the pavillion is embedded in nature",16,general_statement,intermediate,medium,confident,medium,"Based on your input, I see several areas you might want to explore:

1. **Ease of Access**: Ensuring that the pavilion is designed to be easily accessible for all users, potentially involving considerations of universal design principles to accommodate individuals with varying abilities.
2. **Open Plan**: Focusing on creating a spatial organization that is open and fluid, allowing for seamless movement and interaction within the pavilion, enhancing the overall user experience.
3. **Embedded in Nature**: Integrating the pavilion harmoniously with its natural surroundings, possibly through biophilic design principles, to create a seamless connection between the built environment and nature.

Which of these resonates most with what you're trying to achieve?

How else might you envision the spatial organization and flow within your serpentine pavilion to enhance visitor experience during summer 2026?",131,default,"['domain_expert', 'socratic_tutor']",default_knowledge_socratic,domain_expert,[],0,0.5,['Student input analysis'],True,1,0,True,True,False,True,False,True,False,True,"{'response_type': 'default_knowledge_socratic', 'routing_path': 'default', 'agents_used': ['domain_expert', 'socratic_tutor'], 'sources': ['Student input analysis'], 'synthesis_method': 'document_compliant'}"
c61b7d2f-6e9d-4d9d-8244-b8d0f363a70b,2025-07-25T13:54:12.263155,3,Embedded in Nature,3,general_statement,intermediate,medium,confident,medium,"To design a Serpentine Pavilion for summer 2026 with a focus on biophilic and nature-integrated design, prioritize flexibility and user experience. Embed the pavilion in its natural surroundings by using organic forms and locally-sourced materials that blend with the landscape. Incorporate natural lighting through strategic openings and translucent materials to create a seamless connection with the environment. Ensure accessibility and good circulation by designing pathways that mimic natural trails, enhancing visual connections with the surrounding greenery. Engage the community by creating adaptable spaces that can host various functions, from quiet reflection to social gatherings. Consider integrating elements like green roofs or living walls to further harmonize the pavilion with nature.

**Sources:**
• [Architectural Guidelines: [Biophilic And Nature-Integrated Design]](https://www.dezeen.com/architecture/)

How might you incorporate accessibility and universal design principles into your serpentine pavilion to ensure it is welcoming and usable for all visitors?",141,default,"['domain_expert', 'socratic_tutor']",default_knowledge_socratic,domain_expert,[],0,0.5,['https://www.dezeen.com/architecture/'],True,1,0,True,True,False,False,False,True,False,True,"{'response_type': 'default_knowledge_socratic', 'routing_path': 'default', 'agents_used': ['domain_expert', 'socratic_tutor'], 'sources': ['https://www.dezeen.com/architecture/'], 'synthesis_method': 'document_compliant'}"
